Regione,Numero_progetti,Finanziamenti,Numero_progetti_piccoli,Numero_progetti_medi,Numero_progetti_grandi,Numero_progetti_molto_grandi,Numero_progetti_breve_durata,Numero_progetti_media_durata,Numero_progetti_lunga_durata,Numero_progetti_lunghissima_durata,Numero_progetti_in_corso,Anno_2014,Anno_2015,Anno_2016,Anno_2017,Anno_2018,Anno_2019,Anno_2020
Toscana,157,60861627,119,36,0,2,21,75,42,17,2,0,15,17,50,79,89,113
Liguria,40,24045035,32,6,1,1,5,2,4,0,29,0,1,4,6,8,9,34
Veneto,36,4035655,27,8,1,0,15,6,0,0,15,0,0,0,3,22,13,16
"Friuli-venezia giulia",29,3299940,18,11,0,0,1,8,10,0,10,0,0,16,26,24,13,13
Sardegna,24,2951935,13,11,0,0,4,4,2,0,14,0,1,2,7,17,16,16
Calabria,20,10308275,5,11,4,0,2,4,3,0,11,0,0,0,9,17,17,12
Puglia,19,45738506,3,12,2,2,0,1,1,0,17,0,0,0,8,11,13,17
Campania,17,48337544,4,8,3,2,0,1,1,2,13,0,0,0,6,15,17,15
Basilicata,14,20187759,12,1,0,1,0,0,0,0,14,0,0,0,1,1,2,14
Sicilia,9,54265761,0,3,3,3,0,0,0,0,9,0,0,0,5,5,9,9
Lazio,7,21109177,0,6,0,1,0,3,0,1,3,0,0,0,3,6,7,5
Molise,5,825639,1,4,0,0,0,2,1,0,2,0,0,0,2,3,5,5
Emilia-romagna,4,20111783,3,0,0,1,0,0,0,0,4,0,0,0,0,3,4,4
Abruzzo,2,20297259,0,1,0,1,0,0,0,0,2,0,0,0,1,1,2,2
Lombardia,2,420184,1,1,0,0,0,0,0,0,2,0,0,0,0,2,2,2
Piemonte,2,196553,1,1,0,0,0,0,2,0,0,0,0,0,2,2,2,0
"Trentino-alto adige",2,337171,0,2,0,0,0,0,0,0,2,0,0,0,0,2,2,2
Marche,1,100000,0,1,0,0,0,0,0,0,1,0,0,0,0,1,1,1
