Regione,Numero_progetti,Finanziamenti,Numero_progetti_piccoli,Numero_progetti_medi,Numero_progetti_grandi,Numero_progetti_molto_grandi,Numero_progetti_breve_durata,Numero_progetti_media_durata,Numero_progetti_lunga_durata,Numero_progetti_lunghissima_durata,Numero_progetti_in_corso,Anno_2014,Anno_2015,Anno_2016,Anno_2017,Anno_2018,Anno_2019,Anno_2020
Toscana,71,8223714,49,21,1,0,13,25,28,4,1,0,3,7,31,40,53,53
Campania,33,44253326,5,16,11,1,0,1,6,0,26,0,0,0,7,27,29,27
"Friuli-venezia giulia",23,2748675,12,11,0,0,1,5,8,0,9,0,0,7,17,18,15,11
Veneto,20,5723027,8,10,2,0,2,2,0,0,16,0,0,0,3,6,8,16
Liguria,17,456336,16,1,0,0,3,1,0,0,13,0,0,0,1,2,1,16
Sardegna,17,3800064,9,7,1,0,4,2,1,0,10,1,2,2,5,11,12,13
Calabria,15,11037460,2,11,2,0,0,2,7,0,6,0,0,1,13,14,12,7
Puglia,14,27641140,2,8,3,1,0,0,0,0,14,0,0,0,1,10,14,14
Piemonte,13,3772144,6,6,1,0,1,0,4,0,8,0,0,4,4,8,12,9
Lombardia,11,17688608,0,5,6,0,0,0,1,2,8,0,1,4,4,5,7,8
Sicilia,10,28108889,0,5,4,1,0,0,2,0,8,0,0,2,3,5,8,8
Emilia-romagna,6,16847585,1,3,1,1,0,0,1,0,5,0,0,1,1,3,5,5
Lazio,3,19467716,0,2,0,1,0,1,0,0,2,0,0,0,1,1,3,2
"Trentino-alto adige",3,1957192,0,3,0,0,0,0,0,0,3,0,0,0,0,1,2,3
Basilicata,2,2594260,0,1,1,0,0,0,0,0,2,0,0,0,0,1,2,2
Molise,2,737950,1,1,0,0,0,0,1,1,0,0,0,0,0,1,1,2
"Valle d'aosta",2,11150056,0,1,0,1,0,0,0,0,2,0,1,1,1,1,2,2
Umbria,1,606622,0,1,0,0,0,0,0,1,0,0,0,1,1,1,1,1
