Regione,Numero_progetti,Finanziamenti,Numero_progetti_piccoli,Numero_progetti_medi,Numero_progetti_grandi,Numero_progetti_molto_grandi,Numero_progetti_breve_durata,Numero_progetti_media_durata,Numero_progetti_lunga_durata,Numero_progetti_lunghissima_durata,Numero_progetti_in_corso,Anno_2014,Anno_2015,Anno_2016,Anno_2017,Anno_2018,Anno_2019,Anno_2020
Liguria,72,718390,70,2,0,0,13,4,1,0,54,0,2,5,4,0,0,67
Toscana,42,3461184,34,8,0,0,6,24,8,4,0,0,3,3,5,8,18,37
Veneto,29,4510159,23,5,1,0,11,6,0,0,12,0,0,0,3,18,17,12
Basilicata,28,212803,27,1,0,0,0,0,0,0,28,0,0,0,0,0,0,28
Campania,18,18936168,1,11,6,0,0,1,0,3,14,0,0,3,10,14,15,14
Sardegna,17,6951741,3,12,2,0,0,0,1,0,16,2,2,2,8,14,15,16
Sicilia,10,10219018,0,6,4,0,0,0,0,0,10,0,0,0,1,1,6,10
Piemonte,8,722281,5,3,0,0,0,1,4,0,3,0,0,0,4,4,8,4
Puglia,7,21350216,2,3,1,1,0,0,0,0,7,0,0,0,5,5,5,7
Calabria,6,2952376,1,4,1,0,0,2,1,0,3,0,0,0,3,4,4,3
Lombardia,5,4293461,0,4,1,0,0,0,0,0,5,0,0,0,0,0,3,5
"Friuli-venezia giulia",4,1044320,2,2,0,0,1,0,0,0,3,0,0,0,2,2,2,3
Emilia-romagna,3,1373090,1,1,1,0,0,0,0,0,3,0,0,0,0,1,2,3
Lazio,3,652733,0,3,0,0,0,2,0,0,1,0,0,0,1,2,2,1
"Trentino-alto adige",2,2611879,0,1,1,0,0,0,0,0,2,0,0,0,0,1,2,2
Molise,1,120000,0,1,0,0,0,1,0,0,0,0,0,0,0,0,0,1
